[
  {
    "nama": "maulana",
    "nohp": "0829328292",
    "email": "aldinot56@gmail.com"
  },
  {
    "nama": "reza",
    "nohp": "0829328322",
    "email": "aldiyes88@gmail.com"
  },
  {
    "nama": "M.Maulana Reza Revaldi",
    "nohp": "085176989016",
    "email": "aldinot56@gmail.com"
  },
  {
    "nama": "dasda",
    "nohp": "00203842304",
    "email": "udinsetia519@gmail.com"
  },
  {
    "nama": "Mohamad Maulana Reza Revaldi",
    "nohp": "085176989016",
    "email": "udinsetia519@gmail.com"
  }
]